MEUS PROGRESSOS: HABILIDADES ESSENCIAIS PARA CRIANÇAS COM TRANSTORNO DO ESPECTRO AUTISTA (TEA),,,,,,,,,,,,,,,,,,,,,,,,,,,
,,,,,,,,,,,,,,,,,,,,,,,,,,,
APRENDIZ:,,,,,,,,,,,,,,,,,,,,,,,,,,,
AVALIADOR:,,,,,,,,,,,,,,,,,,,,,,,,,,,
APLICAÇÃO 1:,,,,,,,,,,,,,,,,,,,,,,,,,,,
APLICAÇÃO 2:,,,,,,,,,,,,,,,,,,,,,,,,,,,
APLICAÇÃO 3:,,,,,,,,,,,,,,,,,,,,,,,,,,,
,,,,,,,,,,,,,,,,,,,,,,,,,,,
ÁREAS,,1/0/00,,1/0/00,,1/0/00,,,,,,,,,,,,,,,,,,,,,
HABILIDADES COMUNICATIVAS ,,0,0%,0,0%,0,0%,,,,,,,,,,,,,,,,,,,,
HABILIDADES SOCIAIS ,,0,0%,0,0%,0,0%,,,,,,,,,,,,,,,,,,,,
HABILIDADES MOTORAS ,,0,0%,0,0%,0,0%,,,,,,,,,,,,,,,,,,,,
HABILIDADES FUNCIONAIS ,,0,0%,0,0%,0,0%,,,,,,,,,,,,,,,,,,,,
HABILIDADES COGNITIVAS ,,0,0%,0,0%,0,0%,,,,,,,,,,,,,,,,,,,,
,,,,,,,,,,,,,,,,,,,,,,,,,,,
HABILIDADES COMUNICATIVAS ,,,,,,,,HABILIDADES SOCIAIS ,,,,,HABILIDADES MOTORAS ,,,,,HABILIDADES FUNCIONAIS ,,,,,HABILIDADES COGNITIVAS ,,,,
#,TAREFA,PONTUAÇÃO,,,,,,#,TAREFA,PONTUAÇÃO,,,#,TAREFA,PONTUAÇÃO,,,#,TAREFA,PONTUAÇÃO,,,#,TAREFA,PONTUAÇÃO,,
,,1/0/00,,1/0/00,,1/0/00,,,,1/0/00,1/0/00,1/0/00,,,1/0/00,1/0/00,1/0/00,,,1/0/00,1/0/00,1/0/00,,,1/0/00,1/0/00,1/0/00
CONTATO VISUAL ,,,,,,,,RESPOSTA EMOCIONAL,,,,,MOTOR GLOBAL,,,,,HIGIENE PESSOAL ,,,,,ATENÇÃO CONJUNTA ,,,,
1,A criança olha na direção de um adulto quando chamada pelo nome,,,,,,,1,"Identifica emoções básicas diante de figuras (alegria, medo, raiva e tristeza)",,,,1,Senta no chão sem o apoio das mãos,,,,1,"Escova os dentes, mesmo que com ajuda física",,,,1,Olha para um objeto apresentado a 30 centímetros de distância,,,
2,"Quando chamada pelo nome, vira o rosto para outra pessoa por pelo menos 1 segundo",,,,,,,2,"Nomeia emoções básicas diante de figuras (alegria, medo, raiva e tristeza)",,,,2,"Diante de uma cadeira tamanho adulto, puxa-a (ou sobe) e senta",,,,2,"Lava as mãos (somente com água) antes das refeições, com independência",,,,2,Segue um ponto em deslocamento (ou objeto em movimento) a 30 centímetros de distância,,,
3,"Durante uma interação, vira o rosto em direção a outra pessoa por aproximadamente 3 segundos",,,,,,,3,Identifica emoções que uma outra pessoa está demonstrando,,,,3,Sobe escadas sem ajuda física de um adulto,,,,3,"Usa sabonete de forma apropriada para lavar as mãos, sem necessidade de ajuda",,,,3,Mantém pelo menos alguns segundos de atenção nas brincadeiras propostas,,,
4,Olha em direção a outra pessoa que está com itens reforçadores à mostra,,,,,,,4,Imita emoções que outra pessoa está demonstrando,,,,4,"Pega objetos no chão, inclinando o corpo sem se desequilibrar",,,,4,"Escova os dentes, ainda necessitando de instruções e modelo",,,,4,Demonstra interesse por um brinquedo/objeto em posse de outra pessoa,,,
5,Olha na direção de um par quando engajada em alguma brincadeira,,,,,,,5,"Nomeia suas próprias emoções (alegria, medo, raiva e tristeza)",,,,5,Desce escadas sem ajuda,,,,5,Penteia os cabelos com independência,,,,5,"Quando um par abandona a atividade/brincadeira, a criança convida-o para retornar, incluindo-o novamente",,,
6,Olha na direção de outra pessoa à distância de 3 metros,,,,,,,6,"Determina a causa de emoções, diante cenas de desenhos animados",,,,6,Pula com os dois pés juntos (no mesmo local),,,,6,"Seca-se, após o banho, com independência",,,,6,Segue instruções simples durante brincadeiras,,,
7,Olha na direção de outra pessoa à distância de 5 metros,,,,,,,7,"Identifica a causa das suas emoções, após episódios que eliciaram essas respostas",,,,7,Impulsiona-se em um balanço com independência,,,,7,"Escova os dentes ao menos 3 vezes ao dia, sem necessidade de ajuda",,,,7,"Aguarda a resposta do falante, durante pelo menos 30 segundos, sem se dispersar",,,
8,"Olha na direção de um par, que está à distância de 5 metros, enquanto engajada em alguma brincadeira",,,,,,,8,Consegue reconhecer dez diferentes emoções e associar as situações do cotidiano,,,,8,Pula de uma altura de 20 centímetros,,,,8,"Realiza higiene íntima durante o banho, com independência",,,,8,"Mostra ao par algo que viu, aconteceu ou fez",,,
9,Olha na direção de mais de uma pessoa (duas pessoas chamam a criança alternadamente),,,,,,,9,"Diferencia a intensidade das emoções em: baixa, média e alta, a partir de exemplos da sua própria história de vida",,,,9,Dá cambalhota para frente,,,,9,"Lava todas as partes do corpo durante o banho, com independência",,,,9,Junta-se à outra pessoa por iniciativa própria,,,
10,"Olha na direção de mais de uma pessoa alternadamente, quando engajada em alguma brincadeira",,,,,,,10,Apresenta resposta emocional e conduta esperada em intensidade adequada à situação,,,,10,"Equilibra-se em um pé só, por 6 segundos",,,,10,"Toma banho sozinha, incluindo abrir/fechar o chuveiro, despir-se, passar sabão e xampu, enxaguar-se, secar-se e vestir suas roupas",,,,10,"Permanece engajada, sob instruções dadas a um grupo, durante 10 minutos",,,
COMUNICAÇÃO ALTERNATIVA ,,,,,,,,IMITAÇÃO,,,,,MOTOR FINO ,,,,,VESTUÁRIO,,,,,COMPORTAMENTO EXPLORATÓRIO ,,,,
1,Estende a mão para pegar o que deseja,,,,,,,1,"Apresenta comportamento imitativo de movimentos motores (levantar, sentar, bater as mãos), mesmo que necessite de ajuda física e verbal",,,,1,Coloca objetos pequenos dentro de um recipiente,,,,1,Retira a calça sozinha,,,,1,Deixa cair e apanha um objeto,,,
2,"Aponta para o que deseja, tocando o dedo no objeto",,,,,,,2,"Consegue imitar comportamentos simples com o uso de objetos, mesmo que com estímulo e assistência",,,,2,Forma uma bola com uma massa de modelar,,,,2,Retira a camisa sem necessidade de ajuda,,,,2,Descobre um objeto escondido sob um recipiente,,,
3,Aponta a uma distância de aproximadamente 30 centímetros,,,,,,,3,Imita movimentos fonoarticulatórios,,,,3,Usa preensão de pinça para pegar objetos,,,,3,"Ajuda a colocar a calça, levantando os pés e puxando a roupa",,,,3,Vira as páginas de um livro para encontrar uma imagem nomeada,,,
4,Aponta espontaneamente para mostrar algo ou fazer pedidos,,,,,,,4,"Imita comportamentos de coordenação motora grossa (pular, dançar, correr), sem ajuda",,,,4,Bate palmas,,,,4,"Ajuda a colocar a camisa, esticando os braços e puxando a roupa",,,,4,Nota e solicita por um item que está faltando para prosseguir em um jogo ou brincadeira (por exemplo: o pirata do pula-pirata ou uma peça para encaixar),,,
5,"Faz gestos para se comunicar (aponta, ""sim"", ""não"", ""tchau"", senta, bebe)",,,,,,,5,"Imita comportamentos simples (bater palmas e emitir sons isolados), sem necessidade de ajuda",,,,5,Coloca 3 aros em uma pequena estaca,,,,5,Coloca o sapato com independência,,,,5,Abre recipientes fechados para ver o que há dentro (pode ser um presente),,,
6,Consegue utilizar figuras/fotos para fazer pedidos,,,,,,,6,Consegue imitar 3 tarefas simples em sequência,,,,6,Vira trincos e maçanetas para abrir portas,,,,6,Coloca a meia com independência,,,,6,Brinca com uma caixa de areia por no mínimo 3 minutos,,,
7,"Utiliza comunicação por figuras, selecionando corretamente a figura correspondente ao pedido (discriminação)",,,,,,,7,Aprende comportamentos básicos de autocuidado por observação (lavar as mãos e escovar os dentes),,,,7,"Dobra um papel ao meio, mesmo que imitando um adulto",,,,7,Abotoa e desabotoa a camisa sem necessidade de ajuda,,,,7,"Engaja-se em brincadeiras com tinta, usando os pés e as mãos",,,
8,"Seleciona uma figura correta e a entrega para um adulto, que está a 5 metros de distância, para realizar um pedido",,,,,,,8,Aprende brincadeiras e esportes iniciais adequadamente (jogar bola na cesta),,,,8,Abre garrafas com tampa de rosca,,,,8,Amarra o cadarço sem necessidade de ajuda,,,,8,Explora massinha de modelar por no mínimo 3 minutos,,,
9,"Expressa verbos por meio das figuras (""quero"", ""posso"", ""está doendo"")",,,,,,,9,"Imita comportamentos complexos de outra pessoa, relacionados a afazeres do dia a dia (dobrar e guardar a roupa no armário)",,,,9,Consegue colocar 5 pregadores em um cordão,,,,9,"Veste a parte inferior (calça, bermuda, saia) sozinha",,,,9,Repete um movimento com um brinquedo de ação e reação ,,,
10,"Expressa sentimentos por meio das figuras (""sinto-me triste/alegre"")",,,,,,,10,"Aprende novos comportamentos sem ser, especificamente, ensinada a fazê-los – por observação e imitação espontânea",,,,10,"Usando tesoura sem ponta, corta uma folha A4 ao meio",,,,10,"Veste a parte superior (camisa, camiseta, blusa) sem ajuda",,,,10,Constrói algo com no mínimo 3 blocos de montar,,,
LINGUAGEM EXPRESSIVA ,,,,,,,,TOLERÂNCIA ,,,,,INTERAÇÃO COM OBJETOS ,,,,,USO DE BANHEIRO ,,,,,COMBINAÇÕES ,,,,
1,Emite algum som com sentido comunicativo,,,,,,,1,Permanece sentada por pelo menos 1 minuto com reforçador,,,,1,Vira páginas de um livro,,,,1,Demonstra incômodo ao fazer xixi/cocô na roupa/fralda,,,,1,"Emparelha figuras idênticas quando apresentados 3 pares de figuras, de forma aleatória",,,
2,Emite sons direcionados quando quer alguma coisa,,,,,,,2,Permanece sentada por pelo menos 3 minutos com reforçador,,,,2,Puxa bonecos ou outro brinquedo ao andar,,,,2,Retira a roupa/fralda para fazer xixi/cocô,,,,2,"Combina objetos semelhantes quando apresentados 3 pares de objetos, de forma aleatória",,,
3,Consegue imitar sons,,,,,,,3,Permanece sentada por pelo menos 10 minutos com reforçador,,,,3,Constrói uma torre com 4 blocos de montar,,,,3,Faz xixi no troninho quando colocada por um adulto,,,,3,"Combina objetos a suas figuras correspondentes quando apresentadas 3 figuras e 3 objetos, de forma aleatória",,,
4,Emite 10 sons diferentes,,,,,,,4,Consegue aguardar pelo menos 30 segundos para receber algo que deseja,,,,4,"Utilizando um martelo de brinquedo, prega 5 pinos em seus encaixes",,,,4,Avisa ao adulto a necessidade de fazer xixi,,,,4,"Emparelha objetos com a mesma textura (feltros, pelúcias, madeiras)",,,
5,Pede por seus objetos e atividades favoritas,,,,,,,5,"Aguarda, sem resistência, por pelo menos 1 minuto por algo que está esperando que aconteça",,,,5,Monta um quebra-cabeça de 3 peças,,,,5,Não faz xixi na cama,,,,5,Emparelha 3 cores,,,
6,Nomeia pessoas familiares,,,,,,,6,"Aguarda sentada por pelo menos 3 minutos sem resistência, sem uso de reforçador",,,,6,Pedala um triciclo por no mínimo 3 metros,,,,6,Faz cocô no troninho quando colocada por um adulto,,,,6,Emparelha formas geométricas a suas respectivas figuras,,,
7,Nomeia figuras,,,,,,,7,Realiza as refeições sentada,,,,7,"Utilizando um lápis, traça os pontilhados do desenho na folha",,,,7,Avisa ao adulto sobre a necessidade de fazer cocô,,,,7,Combina objetos que se relacionam entre si,,,
8,Nomeia objetos,,,,,,,8,"Consegue aguardar a sua vez na fila por pelo menos 5 minutos, sem comportamentos-problema",,,,8,Une três pedaços de massa de modelar,,,,8,Tem a iniciativa de ir ao banheiro para fazer xixi e o realiza sozinha,,,,8,Combina itens por categorias,,,
9,Completa trechos de músicas conhecidas,,,,,,,9,"Consegue participar efetivamente de brincadeira em grupo, aguardando sua vez",,,,9,Pedala um triciclo fazendo curvas,,,,9,Tem a iniciativa de ir ao banheiro para fazer cocô e o realiza sozinha,,,,9,Combina palavras escritas a suas imagens correspondentes,,,
10,Faz perguntas e se envolve em conversas simples,,,,,,,10,Lida bem com derrotas e com o término das atividades prazerosas,,,,10,Fecha garrafas com tampa de rosca,,,,10,Faz xixi e cocô sozinha e depois realiza a higiene pessoal,,,,10,Identifica palavras simples escritas e ditadas por um adulto (discriminação auditiva),,,
LINGUAGEM RECEPTIVA ,,,,,,,,BRINCAR ,,,,,INTERAÇÃO COM BOLA ,,,,,ALIMENTAÇÃO ,,,,,USO DO LÁPIS ,,,,
1,Segue instruções de 1 passo,,,,,,,1,"Engaja-se em brincadeiras corporais (cadê/achou, cócegas)",,,,1,"Rola uma bola, imitando um adulto",,,,1,Possui ao menos 10 diferentes alimentos em sua dieta,,,,1,"Copia uma linha vertical ou horizontal, imitando um adulto",,,
2,Segue instruções de 2 passos,,,,,,,2,"Manuseia e brinca corretamente com brinquedos giratórios ou de movimento (pião, aramados)",,,,2,Pega a bola do chão e levanta com o uso das duas mãos,,,,2,"Alimenta-se de sólidos, mesmo que apresente dieta extremamente limitada",,,,2,"Copia uma linha diagonal, imitando um adulto",,,
3,Segue sequências de instruções de 3 passos,,,,,,,3,Brinca com jogos de encaixe simples,,,,3,Joga a bola com as duas mãos a uma distância de 2 metros do par,,,,3,"Realiza ao menos 1 refeição no dia, ainda que tenha variabilidade alimentar restrita",,,,3,Desenha um círculo (imitando ou com um modelo à vista),,,
4,Identifica partes do corpo humano,,,,,,,4,Brinca com quebra-cabeças de até 4 peças,,,,4,Chuta uma bola grande que está imóvel a uma distância de 2 metros,,,,4,Realiza ao menos 2 refeições por dia,,,,4,Desenha um quadrado com o uso do lápis (imitando ou com um modelo à vista),,,
5,Identifica pessoas familiares,,,,,,,5,"Brinca cooperativamente, ajudando o par a completar a atividade",,,,5,Chuta a bola quando ela está rolando devagar em sua direção,,,,5,"Realiza ao menos 4 refeições por dia, mesmo com forte preferência por alimentos específicos",,,,5,Desenha um triângulo quando solicitado (imitando ou com um modelo à vista),,,
6,Identifica pelo menos 10 figuras do seu cotidiano,,,,,,,6,Brinca alternando turnos (minha vez/sua vez),,,,6,Agarra a bola com ambas as mãos quando ela é jogada em sua direção,,,,6,"Come alimentos variáveis, mesmo que dê preferência a marcas específicas",,,,6,"Pinta um desenho com poucos detalhes, mesmo não respeitando os limites (margens) do desenho",,,
7,Identifica pelo menos 10 objetos presentes no seu dia a dia,,,,,,,7,Usa os brinquedos do playground de forma correta,,,,7,Corre e brinca com a bola em movimento,,,,7,Aceita comidas que diferem em textura e cor das comidas usuais,,,,7,"Desenha, copiando o que o adulto está desenhando, por no mínimo 3 minutos",,,
8,"Responde perguntas simples (""O que você quer?"")",,,,,,,8,Manuseia fantoches e bonecos,,,,8,"Chuta a bola firmemente e demonstrando domínio para a direção que deseja, a mais de 5 metros",,,,8,Aceita comidas de múltiplas cores e texturas,,,,8,"Pinta um desenho com poucos detalhes, respeitando seus limites (margens)",,,
9,"Responde duas perguntas simples (""Qual cor você quer e o que você quer beber?"")",,,,,,,9,"Engaja-se em brincadeiras de casa, com criação de personagens",,,,9,"Arremessa uma bola em uma cesta, com ambas as mãos, a uma distância de 2 metros",,,,9,Experimenta novos alimentos,,,,9,"Realiza desenhos simples e reconhecíveis, de forma que a criança indique que os desenhou (casa, pessoa, carro)",,,
10,"Responde perguntas complexas (""Qual é o seu time?"", ""Qual é a sua cor preferida?"")",,,,,,,10,"Presta atenção em histórias contadas, mesmo que curtas e com uso de materiais concretos",,,,10,Chuta a bola na direção de um gol posicionado a uma distância de 7 metros,,,,10,Apresenta dieta equilibrada e balanceada,,,,10,"Escreve o seu nome, imitando um adulto ou com um modelo à vista ",,,
TOTAL,,0,,0,,0,,TOTAL,,0,0,0,TOTAL,,0,0,0,TOTAL,,0,0,0,TOTAL,,0,0,0
,,,,,,,,,,,,,,,,,,,,,,,,,,,
LEGENDA DE PONTUAÇÃO,,,,,,,,"PARA CADA HABILIDADE, É NECESSÁRIO ALCANÇAR UM TOTAL 
DE 80 PONTOS; QUANDO SOMADAS, AS HABILIDADES PODEM 
ATINGIR UM TOTAL MÁXIMO DE 400 PONTOS",,,,,,,,,,,,,,,,,,,
NÃO REALIZA =  0,,,,,,,,,,,,,,,,,,,,,,,,,,,
EMERGENTE = 1,,,,,,,,,,,,,,,,,,,,,,,,,,,
REALIZA = 2,,,,,,,,,,,,,,,,,,,,,,,,,,,